Time,Temp,RPM,pH,DO,Pump1,Pump2,Pump3,Pump4,Pump5,Pump6,Pump1 Total,Pump2 Total,Pump3 Total,Pump4 Total,Pump5 Total,Pump6 Total,Pump1 rpm,Pump2 rpm,Pump3 rpm,Pump4 rpm,Pump5 rpm,Pump6 rpm,ORP,CO2,O2,O2 flow,Air flow,CO2 flow,N2 flow,Lux,Pump1 Flow,Pump2 Flow,Pump3 Flow,Pump4 Flow,Pump5 Flow,Pump6 Flow,RH
2023/10/16 14:54:50,140.2,59,7.39,0.0,0,0,0,0,0,0,0,0,0,0,0,0,65,65,65,65,300,0,-8,0,0.0,0.00,0.00,0.00,0.00,0,0.0,0.0,0.0,0.0,0.0,0.0,0.0
2023/10/16 14:56:20,140.2,60,7.42,0.0,0,0,0,0,0,0,0,0,0,0,0,0,65,65,65,65,300,0,-11,0,0.0,0.00,0.00,0.00,0.00,0,0.0,0.0,0.0,0.0,0.0,0.0,0.0
2023/10/16 14:56:50,140.2,60,7.42,0.0,0,0,0,0,0,0,0,0,0,0,0,0,65,65,65,65,300,0,-12,0,0.0,0.00,0.00,0.00,0.00,0,0.0,0.0,0.0,0.0,0.0,0.0,0.0
2023/10/16 14:57:20,140.2,60,7.43,0.0,0,0,0,0,0,0,0,0,0,0,0,0,65,65,65,65,300,0,-13,0,0.0,0.00,0.00,0.00,0.00,0,0.0,0.0,0.0,0.0,0.0,0.0,0.0
2023/10/16 14:57:51,140.2,60,7.43,0.0,0,0,0,0,0,0,0,0,0,0,0,0,65,65,65,65,300,0,-14,0,0.0,0.00,0.00,0.00,0.00,0,0.0,0.0,0.0,0.0,0.0,0.0,0.0
2023/10/16 14:58:21,140.2,60,7.44,0.0,0,0,0,0,0,0,0,0,0,0,0,0,65,65,65,65,300,0,-14,0,0.0,0.00,0.00,0.00,0.00,0,0.0,0.0,0.0,0.0,0.0,0.0,0.0
2023/10/16 14:58:51,140.2,60,7.45,0.0,0,0,0,0,0,0,0,0,0,0,0,0,65,65,65,65,300,0,-15,0,0.0,0.00,0.00,0.00,0.00,0,0.0,0.0,0.0,0.0,0.0,0.0,0.0
2023/10/16 14:59:21,140.2,60,7.45,0.0,0,0,0,0,0,0,0,0,0,0,0,0,65,65,65,65,300,0,-16,0,0.0,0.00,0.00,0.00,0.00,0,0.0,0.0,0.0,0.0,0.0,0.0,0.0
2023/10/16 14:59:51,140.2,60,7.46,0.0,0,0,0,0,0,0,0,0,0,0,0,0,65,65,65,65,300,0,-17,0,0.0,0.00,0.00,0.00,0.00,0,0.0,0.0,0.0,0.0,0.0,0.0,0.0
2023/10/16 15:00:21,140.2,60,7.46,0.0,0,0,0,0,0,0,0,0,0,0,0,0,65,65,65,65,300,0,-18,0,0.0,0.00,0.00,0.00,0.00,0,0.0,0.0,0.0,0.0,0.0,0.0,0.0
2023/10/16 15:00:52,140.2,60,7.47,0.0,0,0,0,0,0,0,0,0,0,0,0,0,65,65,65,65,300,0,-18,0,0.0,0.00,0.00,0.00,0.00,0,0.0,0.0,0.0,0.0,0.0,0.0,0.0
2023/10/16 15:01:22,140.2,59,7.47,0.0,0,0,0,0,0,0,0,0,0,0,0,0,65,65,65,65,300,0,-19,0,0.0,0.00,0.00,0.00,0.00,0,0.0,0.0,0.0,0.0,0.0,0.0,0.0
2023/10/16 15:01:52,140.2,60,7.48,0.0,0,0,0,0,0,0,0,0,0,0,0,0,65,65,65,65,300,0,-19,0,0.0,0.00,0.00,0.00,0.00,0,0.0,0.0,0.0,0.0,0.0,0.0,0.0
2023/10/16 15:02:22,140.2,60,7.48,0.0,0,0,0,0,0,0,0,0,0,0,0,0,65,65,65,65,300,0,-20,0,0.0,0.00,0.00,0.00,0.00,0,0.0,0.0,0.0,0.0,0.0,0.0,0.0
2023/10/16 15:02:52,140.2,60,7.49,0.0,0,0,0,0,0,0,0,0,0,0,0,0,65,65,65,65,300,0,-20,0,0.0,0.00,0.00,0.00,0.00,0,0.0,0.0,0.0,0.0,0.0,0.0,0.0
2023/10/16 15:03:22,140.2,60,7.49,0.0,0,0,0,0,0,0,0,0,0,0,0,0,65,65,65,65,300,0,-21,0,0.0,0.00,0.00,0.00,0.00,0,0.0,0.0,0.0,0.0,0.0,0.0,0.0
2023/10/16 15:03:52,140.2,60,7.49,0.0,0,0,0,0,0,0,0,0,0,0,0,0,65,65,65,65,300,0,-21,0,0.0,0.00,0.00,0.00,0.00,0,0.0,0.0,0.0,0.0,0.0,0.0,0.0
2023/10/16 15:04:22,140.2,60,7.50,0.0,0,0,0,0,0,0,0,0,0,0,0,0,65,65,65,65,300,0,-22,0,0.0,0.00,0.00,0.00,0.00,0,0.0,0.0,0.0,0.0,0.0,0.0,0.0
2023/10/16 15:04:53,140.2,60,7.50,0.0,0,0,0,0,0,0,0,0,0,0,0,0,65,65,65,65,300,0,-22,0,0.0,0.00,0.00,0.00,0.00,0,0.0,0.0,0.0,0.0,0.0,0.0,0.0
2023/10/16 15:05:23,140.2,60,7.50,0.0,0,0,0,0,0,0,0,0,0,0,0,0,65,65,65,65,300,0,-22,0,0.0,0.00,0.00,0.00,0.00,0,0.0,0.0,0.0,0.0,0.0,0.0,0.0
2023/10/16 15:05:53,140.2,60,7.51,0.0,0,0,0,0,0,0,0,0,0,0,0,0,65,65,65,65,300,0,-23,0,0.0,0.00,0.00,0.00,0.00,0,0.0,0.0,0.0,0.0,0.0,0.0,0.0
2023/10/16 15:06:23,140.2,60,7.51,0.0,0,0,0,0,0,0,0,0,0,0,0,0,65,65,65,65,300,0,-23,0,0.0,0.00,0.00,0.00,0.00,0,0.0,0.0,0.0,0.0,0.0,0.0,0.0
2023/10/16 15:06:53,140.2,60,7.51,0.0,0,0,0,0,0,0,0,0,0,0,0,0,65,65,65,65,300,0,-23,0,0.0,0.00,0.00,0.00,0.00,0,0.0,0.0,0.0,0.0,0.0,0.0,0.0
2023/10/16 15:07:23,140.2,60,7.52,0.0,0,0,0,0,0,0,0,0,0,0,0,0,65,65,65,65,300,0,-24,0,0.0,0.00,0.00,0.00,0.00,0,0.0,0.0,0.0,0.0,0.0,0.0,0.0
2023/10/16 15:07:53,140.2,60,7.52,0.0,0,0,0,0,0,0,0,0,0,0,0,0,65,65,65,65,300,0,-24,0,0.0,0.00,0.00,0.00,0.00,0,0.0,0.0,0.0,0.0,0.0,0.0,0.0
2023/10/16 15:08:23,140.2,60,7.53,0.0,0,0,0,0,0,0,0,0,0,0,0,0,65,65,65,65,300,0,-25,0,0.0,0.00,0.00,0.00,0.00,0,0.0,0.0,0.0,0.0,0.0,0.0,0.0
2023/10/16 15:08:53,140.2,60,7.53,0.0,0,0,0,0,0,0,0,0,0,0,0,0,65,65,65,65,300,0,-25,0,0.0,0.00,0.00,0.00,0.00,0,0.0,0.0,0.0,0.0,0.0,0.0,0.0
2023/10/16 15:09:23,140.2,60,7.54,0.0,0,0,0,0,0,0,0,0,0,0,0,0,65,65,65,65,300,0,-26,0,0.0,0.00,0.00,0.00,0.00,0,0.0,0.0,0.0,0.0,0.0,0.0,0.0
2023/10/16 15:09:53,140.2,60,7.54,0.0,0,0,0,0,0,0,0,0,0,0,0,0,65,65,65,65,300,0,-26,0,0.0,0.00,0.00,0.00,0.00,0,0.0,0.0,0.0,0.0,0.0,0.0,0.0
2023/10/16 15:10:24,140.2,60,7.55,0.0,0,0,0,0,0,0,0,0,0,0,0,0,65,65,65,65,300,0,-27,0,0.0,0.00,0.00,0.00,0.00,0,0.0,0.0,0.0,0.0,0.0,0.0,0.0
2023/10/16 15:10:54,140.2,60,7.55,0.0,0,0,0,0,0,0,0,0,0,0,0,0,65,65,65,65,300,0,-27,0,0.0,0.00,0.00,0.00,0.00,0,0.0,0.0,0.0,0.0,0.0,0.0,0.0
2023/10/16 15:11:24,140.2,60,7.56,0.0,0,0,0,0,0,0,0,0,0,0,0,0,65,65,65,65,300,0,-28,0,0.0,0.00,0.00,0.00,0.00,0,0.0,0.0,0.0,0.0,0.0,0.0,0.0
2023/10/16 15:11:54,140.2,60,7.56,0.0,0,0,0,0,0,0,0,0,0,0,0,0,65,65,65,65,300,0,-28,0,0.0,0.00,0.00,0.00,0.00,0,0.0,0.0,0.0,0.0,0.0,0.0,0.0
2023/10/16 15:12:24,140.2,60,7.57,0.0,0,0,0,0,0,0,0,0,0,0,0,0,65,65,65,65,300,0,-29,0,0.0,0.00,0.00,0.00,0.00,0,0.0,0.0,0.0,0.0,0.0,0.0,0.0
2023/10/16 15:12:54,140.2,60,7.57,0.0,0,0,0,0,0,0,0,0,0,0,0,0,65,65,65,65,300,0,-29,0,0.0,0.00,0.00,0.00,0.00,0,0.0,0.0,0.0,0.0,0.0,0.0,0.0
2023/10/16 15:13:24,140.2,59,7.57,0.0,0,0,0,0,0,0,0,0,0,0,0,0,65,65,65,65,300,0,-30,0,0.0,0.00,0.00,0.00,0.00,0,0.0,0.0,0.0,0.0,0.0,0.0,0.0
2023/10/16 15:13:54,140.2,60,7.58,0.0,0,0,0,0,0,0,0,0,0,0,0,0,65,65,65,65,300,0,-30,0,0.0,0.00,0.00,0.00,0.00,0,0.0,0.0,0.0,0.0,0.0,0.0,0.0
2023/10/16 15:14:25,140.2,60,7.59,0.0,0,0,0,0,0,0,0,0,0,0,0,0,65,65,65,65,300,0,-30,0,0.0,0.00,0.00,0.00,0.00,0,0.0,0.0,0.0,0.0,0.0,0.0,0.0
2023/10/16 15:14:55,140.2,60,7.59,0.0,0,0,0,0,0,0,0,0,0,0,0,0,65,65,65,65,300,0,-31,0,0.0,0.00,0.00,0.00,0.00,0,0.0,0.0,0.0,0.0,0.0,0.0,0.0
2023/10/16 15:15:25,140.2,60,7.59,0.0,0,0,0,0,0,0,0,0,0,0,0,0,65,65,65,65,300,0,-31,0,0.0,0.00,0.00,0.00,0.00,0,0.0,0.0,0.0,0.0,0.0,0.0,0.0
2023/10/16 15:15:55,140.2,59,7.60,0.0,0,0,0,0,0,0,0,0,0,0,0,0,65,65,65,65,300,0,-32,0,0.0,0.00,0.00,0.00,0.00,0,0.0,0.0,0.0,0.0,0.0,0.0,0.0
2023/10/16 15:16:25,140.2,60,7.60,0.0,0,0,0,0,0,0,0,0,0,0,0,0,65,65,65,65,300,0,-32,0,0.0,0.00,0.00,0.00,0.00,0,0.0,0.0,0.0,0.0,0.0,0.0,0.0
2023/10/16 15:16:55,140.2,60,7.61,0.0,0,0,0,0,0,0,0,0,0,0,0,0,65,65,65,65,300,0,-33,0,0.0,0.00,0.00,0.00,0.00,0,0.0,0.0,0.0,0.0,0.0,0.0,0.0
2023/10/16 15:17:25,140.2,60,7.61,0.0,0,0,0,0,0,0,0,0,0,0,0,0,65,65,65,65,300,0,-33,0,0.0,0.00,0.00,0.00,0.00,0,0.0,0.0,0.0,0.0,0.0,0.0,0.0
2023/10/16 15:17:56,140.2,60,7.62,0.0,0,0,0,0,0,0,0,0,0,0,0,0,65,65,65,65,300,0,-34,0,0.0,0.00,0.00,0.00,0.00,0,0.0,0.0,0.0,0.0,0.0,0.0,0.0
2023/10/16 15:18:26,140.2,60,7.62,0.0,0,0,0,0,0,0,0,0,0,0,0,0,65,65,65,65,300,0,-34,0,0.0,0.00,0.00,0.00,0.00,0,0.0,0.0,0.0,0.0,0.0,0.0,0.0
2023/10/16 15:18:56,140.2,60,7.63,0.0,0,0,0,0,0,0,0,0,0,0,0,0,65,65,65,65,300,0,-35,0,0.0,0.00,0.00,0.00,0.00,0,0.0,0.0,0.0,0.0,0.0,0.0,0.0
2023/10/16 15:19:26,140.2,60,7.63,0.0,0,0,0,0,0,0,0,0,0,0,0,0,65,65,65,65,300,0,-35,0,0.0,0.00,0.00,0.00,0.00,0,0.0,0.0,0.0,0.0,0.0,0.0,0.0
2023/10/16 15:19:56,140.2,61,7.64,0.0,0,0,0,0,0,0,0,0,0,0,0,0,65,65,65,65,300,0,-36,0,0.0,0.00,0.00,0.00,0.00,0,0.0,0.0,0.0,0.0,0.0,0.0,0.0
2023/10/16 15:20:26,140.2,60,7.64,0.0,0,0,0,0,0,0,0,0,0,0,0,0,65,65,65,65,300,0,-36,0,0.0,0.00,0.00,0.00,0.00,0,0.0,0.0,0.0,0.0,0.0,0.0,0.0
2023/10/16 15:20:56,140.2,59,7.65,0.0,0,0,0,0,0,0,0,0,0,0,0,0,65,65,65,65,300,0,-37,0,0.0,0.00,0.00,0.00,0.00,0,0.0,0.0,0.0,0.0,0.0,0.0,0.0
2023/10/16 15:21:26,140.2,60,7.65,0.0,0,0,0,0,0,0,0,0,0,0,0,0,65,65,65,65,300,0,-37,0,0.0,0.00,0.00,0.00,0.00,0,0.0,0.0,0.0,0.0,0.0,0.0,0.0
2023/10/16 15:21:57,140.2,60,7.66,0.0,0,0,0,0,0,0,0,0,0,0,0,0,65,65,65,65,300,0,-38,0,0.0,0.00,0.00,0.00,0.00,0,0.0,0.0,0.0,0.0,0.0,0.0,0.0
2023/10/16 15:22:27,140.2,60,7.67,0.0,0,0,0,0,0,0,0,0,0,0,0,0,65,65,65,65,300,0,-38,0,0.0,0.00,0.00,0.00,0.00,0,0.0,0.0,0.0,0.0,0.0,0.0,0.0
2023/10/16 15:22:57,140.2,60,7.67,0.0,0,0,0,0,0,0,0,0,0,0,0,0,65,65,65,65,300,0,-39,0,0.0,0.00,0.00,0.00,0.00,0,0.0,0.0,0.0,0.0,0.0,0.0,0.0
2023/10/16 15:23:27,140.2,59,7.67,0.0,0,0,0,0,0,0,0,0,0,0,0,0,65,65,65,65,300,0,-39,0,0.0,0.00,0.00,0.00,0.00,0,0.0,0.0,0.0,0.0,0.0,0.0,0.0
2023/10/16 15:23:57,140.2,61,7.68,0.0,0,0,0,0,0,0,0,0,0,0,0,0,65,65,65,65,300,0,-40,0,0.0,0.00,0.00,0.00,0.00,0,0.0,0.0,0.0,0.0,0.0,0.0,0.0
2023/10/16 15:24:27,140.2,59,7.68,0.0,0,0,0,0,0,0,0,0,0,0,0,0,65,65,65,65,300,0,-40,0,0.0,0.00,0.00,0.00,0.00,0,0.0,0.0,0.0,0.0,0.0,0.0,0.0
2023/10/16 15:24:57,140.2,60,7.69,0.0,0,0,0,0,0,0,0,0,0,0,0,0,65,65,65,65,300,0,-41,0,0.0,0.00,0.00,0.00,0.00,0,0.0,0.0,0.0,0.0,0.0,0.0,0.0
2023/10/16 15:25:28,140.2,60,7.69,0.0,0,0,0,0,0,0,0,0,0,0,0,0,65,65,65,65,300,0,-41,0,0.0,0.00,0.00,0.00,0.00,0,0.0,0.0,0.0,0.0,0.0,0.0,0.0
2023/10/16 15:25:58,140.2,60,7.70,0.0,0,0,0,0,0,0,0,0,0,0,0,0,65,65,65,65,300,0,-42,0,0.0,0.00,0.00,0.00,0.00,0,0.0,0.0,0.0,0.0,0.0,0.0,0.0
2023/10/16 15:26:28,140.2,60,7.71,0.0,0,0,0,0,0,0,0,0,0,0,0,0,65,65,65,65,300,0,-42,0,0.0,0.00,0.00,0.00,0.00,0,0.0,0.0,0.0,0.0,0.0,0.0,0.0
2023/10/16 15:26:58,140.2,60,7.71,0.0,0,0,0,0,0,0,0,0,0,0,0,0,65,65,65,65,300,0,-43,0,0.0,0.00,0.00,0.00,0.00,0,0.0,0.0,0.0,0.0,0.0,0.0,0.0
2023/10/16 15:27:28,140.2,60,7.71,0.0,0,0,0,0,0,0,0,0,0,0,0,0,65,65,65,65,300,0,-43,0,0.0,0.00,0.00,0.00,0.00,0,0.0,0.0,0.0,0.0,0.0,0.0,0.0
2023/10/16 15:27:58,140.2,60,7.72,0.0,0,0,0,0,0,0,0,0,0,0,0,0,65,65,65,65,300,0,-43,0,0.0,0.00,0.00,0.00,0.00,0,0.0,0.0,0.0,0.0,0.0,0.0,0.0
2023/10/16 15:28:29,140.2,60,7.72,0.0,0,0,0,0,0,0,0,0,0,0,0,0,65,65,65,65,300,0,-44,0,0.0,0.00,0.00,0.00,0.00,0,0.0,0.0,0.0,0.0,0.0,0.0,0.0
2023/10/16 15:28:59,140.2,60,7.73,0.0,0,0,0,0,0,0,0,0,0,0,0,0,65,65,65,65,300,0,-44,0,0.0,0.00,0.00,0.00,0.00,0,0.0,0.0,0.0,0.0,0.0,0.0,0.0
2023/10/16 15:29:29,140.2,60,7.73,0.0,0,0,0,0,0,0,0,0,0,0,0,0,65,65,65,65,300,0,-45,0,0.0,0.00,0.00,0.00,0.00,0,0.0,0.0,0.0,0.0,0.0,0.0,0.0
2023/10/16 15:29:59,140.2,60,7.74,0.0,0,0,0,0,0,0,0,0,0,0,0,0,65,65,65,65,300,0,-45,0,0.0,0.00,0.00,0.00,0.00,0,0.0,0.0,0.0,0.0,0.0,0.0,0.0
2023/10/16 15:30:29,140.2,60,7.74,0.0,0,0,0,0,0,0,0,0,0,0,0,0,65,65,65,65,300,0,-46,0,0.0,0.00,0.00,0.00,0.00,0,0.0,0.0,0.0,0.0,0.0,0.0,0.0
2023/10/16 15:30:59,140.2,59,7.75,0.0,0,0,0,0,0,0,0,0,0,0,0,0,65,65,65,65,300,0,-46,0,0.0,0.00,0.00,0.00,0.00,0,0.0,0.0,0.0,0.0,0.0,0.0,0.0
2023/10/16 15:31:29,140.2,60,7.75,0.0,0,0,0,0,0,0,0,0,0,0,0,0,65,65,65,65,300,0,-47,0,0.0,0.00,0.00,0.00,0.00,0,0.0,0.0,0.0,0.0,0.0,0.0,0.0
2023/10/16 15:32:00,140.2,59,7.76,0.0,0,0,0,0,0,0,0,0,0,0,0,0,65,65,65,65,300,0,-47,0,0.0,0.00,0.00,0.00,0.00,0,0.0,0.0,0.0,0.0,0.0,0.0,0.0
2023/10/16 15:32:30,140.2,60,7.76,0.0,0,0,0,0,0,0,0,0,0,0,0,0,65,65,65,65,300,0,-47,0,0.0,0.00,0.00,0.00,0.00,0,0.0,0.0,0.0,0.0,0.0,0.0,0.0
2023/10/16 15:33:00,140.2,61,7.77,0.0,0,0,0,0,0,0,0,0,0,0,0,0,65,65,65,65,300,0,-48,0,0.0,0.00,0.00,0.00,0.00,0,0.0,0.0,0.0,0.0,0.0,0.0,0.0
2023/10/16 15:33:30,140.2,59,7.77,0.0,0,0,0,0,0,0,0,0,0,0,0,0,65,65,65,65,300,0,-48,0,0.0,0.00,0.00,0.00,0.00,0,0.0,0.0,0.0,0.0,0.0,0.0,0.0
2023/10/16 15:34:00,140.2,60,7.78,0.0,0,0,0,0,0,0,0,0,0,0,0,0,65,65,65,65,300,0,-49,0,0.0,0.00,0.00,0.00,0.00,0,0.0,0.0,0.0,0.0,0.0,0.0,0.0
2023/10/16 15:34:30,140.2,60,7.78,0.0,0,0,0,0,0,0,0,0,0,0,0,0,65,65,65,65,300,0,-49,0,0.0,0.00,0.00,0.00,0.00,0,0.0,0.0,0.0,0.0,0.0,0.0,0.0
2023/10/16 15:35:00,140.2,60,7.78,0.0,0,0,0,0,0,0,0,0,0,0,0,0,65,65,65,65,300,0,-49,0,0.0,0.00,0.00,0.00,0.00,0,0.0,0.0,0.0,0.0,0.0,0.0,0.0
2023/10/16 15:35:31,140.2,60,7.79,0.0,0,0,0,0,0,0,0,0,0,0,0,0,65,65,65,65,300,0,-50,0,0.0,0.00,0.00,0.00,0.00,0,0.0,0.0,0.0,0.0,0.0,0.0,0.0
2023/10/16 15:36:01,140.2,59,7.79,0.0,0,0,0,0,0,0,0,0,0,0,0,0,65,65,65,65,300,0,-50,0,0.0,0.00,0.00,0.00,0.00,0,0.0,0.0,0.0,0.0,0.0,0.0,0.0
2023/10/16 15:36:31,140.2,60,7.79,0.0,0,0,0,0,0,0,0,0,0,0,0,0,65,65,65,65,300,0,-50,0,0.0,0.00,0.00,0.00,0.00,0,0.0,0.0,0.0,0.0,0.0,0.0,0.0
2023/10/16 15:37:01,140.2,60,7.80,0.0,0,0,0,0,0,0,0,0,0,0,0,0,65,65,65,65,300,0,-50,0,0.0,0.00,0.00,0.00,0.00,0,0.0,0.0,0.0,0.0,0.0,0.0,0.0
2023/10/16 15:37:31,140.2,61,7.80,0.0,0,0,0,0,0,0,0,0,0,0,0,0,65,65,65,65,300,0,-51,0,0.0,0.00,0.00,0.00,0.00,0,0.0,0.0,0.0,0.0,0.0,0.0,0.0
2023/10/16 15:38:01,140.2,61,7.80,0.0,0,0,0,0,0,0,0,0,0,0,0,0,65,65,65,65,300,0,-51,0,0.0,0.00,0.00,0.00,0.00,0,0.0,0.0,0.0,0.0,0.0,0.0,0.0
2023/10/16 15:38:31,140.2,60,7.80,0.0,0,0,0,0,0,0,0,0,0,0,0,0,65,65,65,65,300,0,-51,0,0.0,0.00,0.00,0.00,0.00,0,0.0,0.0,0.0,0.0,0.0,0.0,0.0
2023/10/16 15:39:02,140.2,60,7.81,0.0,0,0,0,0,0,0,0,0,0,0,0,0,65,65,65,65,300,0,-51,0,0.0,0.00,0.00,0.00,0.00,0,0.0,0.0,0.0,0.0,0.0,0.0,0.0
2023/10/16 15:39:32,140.2,60,7.81,0.0,0,0,0,0,0,0,0,0,0,0,0,0,65,65,65,65,300,0,-51,0,0.0,0.00,0.00,0.00,0.00,0,0.0,0.0,0.0,0.0,0.0,0.0,0.0
2023/10/16 15:40:02,140.2,101,7.82,0.0,0,0,0,0,0,0,0,0,0,0,0,0,65,65,65,65,300,0,-52,0,0.0,0.00,0.00,0.00,0.00,0,0.0,0.0,0.0,0.0,0.0,0.0,0.0
2023/10/16 15:40:32,140.2,100,7.82,0.0,0,0,0,0,0,0,0,0,0,0,0,0,65,65,65,65,300,0,-52,0,0.0,0.00,0.00,0.00,0.00,0,0.0,0.0,0.0,0.0,0.0,0.0,0.0
2023/10/16 15:41:02,140.2,100,7.82,0.0,0,0,0,0,0,0,0,0,0,0,0,0,65,65,65,65,300,0,-52,0,0.0,0.00,0.00,0.00,0.00,0,0.0,0.0,0.0,0.0,0.0,0.0,0.0
2023/10/16 15:41:32,140.2,100,7.82,0.0,0,0,0,0,0,0,0,0,0,0,0,0,65,65,65,65,300,0,-52,0,0.0,0.00,0.00,0.00,0.00,0,0.0,0.0,0.0,0.0,0.0,0.0,0.0
2023/10/16 15:42:03,140.2,101,7.83,0.0,0,0,0,0,0,0,0,0,0,0,0,0,65,65,65,65,300,0,-52,0,0.0,0.00,0.00,0.00,0.00,0,0.0,0.0,0.0,0.0,0.0,0.0,0.0
2023/10/16 15:42:33,140.2,100,7.83,0.0,0,0,0,0,0,0,0,0,0,0,0,0,65,65,65,65,300,0,-53,0,0.0,0.00,0.00,0.00,0.00,0,0.0,0.0,0.0,0.0,0.0,0.0,0.0
2023/10/16 15:43:03,140.2,100,7.83,0.0,0,0,0,0,0,0,0,0,0,0,0,0,65,65,65,65,300,0,-53,0,0.0,0.00,0.00,0.00,0.00,0,0.0,0.0,0.0,0.0,0.0,0.0,0.0
2023/10/16 15:43:33,140.2,101,7.83,0.0,0,0,0,0,0,0,0,0,0,0,0,0,65,65,65,65,300,0,-53,0,0.0,0.00,0.00,0.00,0.00,0,0.0,0.0,0.0,0.0,0.0,0.0,0.0
2023/10/16 15:44:03,140.2,100,7.84,0.0,0,0,0,0,0,0,0,0,0,0,0,0,65,65,65,65,300,0,-53,0,0.0,0.00,0.00,0.00,0.00,0,0.0,0.0,0.0,0.0,0.0,0.0,0.0
2023/10/16 15:44:33,140.2,100,7.84,0.0,0,0,0,0,0,0,0,0,0,0,0,0,65,65,65,65,300,0,-53,0,0.0,0.00,0.00,0.00,0.00,0,0.0,0.0,0.0,0.0,0.0,0.0,0.0
2023/10/16 15:45:03,140.2,101,7.84,0.0,0,0,0,0,0,0,0,0,0,0,0,0,65,65,65,65,300,0,-53,0,0.0,0.00,0.00,0.00,0.00,0,0.0,0.0,0.0,0.0,0.0,0.0,0.0
2023/10/16 15:45:34,140.2,100,7.85,0.0,0,0,0,0,0,0,0,0,0,0,0,0,65,65,65,65,300,0,-53,0,0.0,0.00,0.00,0.00,0.00,0,0.0,0.0,0.0,0.0,0.0,0.0,0.0
2023/10/16 15:46:04,140.2,100,7.85,0.0,0,0,0,0,0,0,0,0,0,0,0,0,65,65,65,65,300,0,-54,0,0.0,0.00,0.00,0.00,0.00,0,0.0,0.0,0.0,0.0,0.0,0.0,0.0
2023/10/16 15:46:34,140.2,100,7.85,0.0,0,0,0,0,0,0,0,0,0,0,0,0,65,65,65,65,300,0,-54,0,0.0,0.00,0.00,0.00,0.00,0,0.0,0.0,0.0,0.0,0.0,0.0,0.0
2023/10/16 15:47:04,140.2,100,7.85,0.0,0,0,0,0,0,0,0,0,0,0,0,0,65,65,65,65,300,0,-54,0,0.0,0.00,0.00,0.00,0.00,0,0.0,0.0,0.0,0.0,0.0,0.0,0.0
2023/10/16 15:47:34,140.2,100,7.86,0.0,0,0,0,0,0,0,0,0,0,0,0,0,65,65,65,65,300,0,-54,0,0.0,0.00,0.00,0.00,0.00,0,0.0,0.0,0.0,0.0,0.0,0.0,0.0
2023/10/16 15:48:04,140.2,100,7.86,0.0,0,0,0,0,0,0,0,0,0,0,0,0,65,65,65,65,300,0,-54,0,0.0,0.00,0.00,0.00,0.00,0,0.0,0.0,0.0,0.0,0.0,0.0,0.0
2023/10/16 15:48:35,140.2,100,7.86,0.0,0,0,0,0,0,0,0,0,0,0,0,0,65,65,65,65,300,0,-54,0,0.0,0.00,0.00,0.00,0.00,0,0.0,0.0,0.0,0.0,0.0,0.0,0.0
2023/10/16 15:49:05,140.2,100,7.86,0.0,0,0,0,0,0,0,0,0,0,0,0,0,65,65,65,65,300,0,-54,0,0.0,0.00,0.00,0.00,0.00,0,0.0,0.0,0.0,0.0,0.0,0.0,0.0
2023/10/16 15:49:35,140.2,100,7.86,0.0,0,0,0,0,0,0,0,0,0,0,0,0,65,65,65,65,300,0,-54,0,0.0,0.00,0.00,0.00,0.00,0,0.0,0.0,0.0,0.0,0.0,0.0,0.0
2023/10/16 15:50:05,140.2,101,7.87,0.0,0,0,0,0,0,0,0,0,0,0,0,0,65,65,65,65,300,0,-55,0,0.0,0.00,0.00,0.00,0.00,0,0.0,0.0,0.0,0.0,0.0,0.0,0.0
2023/10/16 15:50:35,140.2,101,7.87,0.0,0,0,0,0,0,0,0,0,0,0,0,0,65,65,65,65,300,0,-55,0,0.0,0.00,0.00,0.00,0.00,0,0.0,0.0,0.0,0.0,0.0,0.0,0.0
2023/10/16 15:51:05,140.2,100,7.87,0.0,0,0,0,0,0,0,0,0,0,0,0,0,65,65,65,65,300,0,-55,0,0.0,0.00,0.00,0.00,0.00,0,0.0,0.0,0.0,0.0,0.0,0.0,0.0
2023/10/16 15:51:35,140.2,101,7.87,0.0,0,0,0,0,0,0,0,0,0,0,0,0,65,65,65,65,300,0,-55,0,0.0,0.00,0.00,0.00,0.00,0,0.0,0.0,0.0,0.0,0.0,0.0,0.0
2023/10/16 15:52:06,140.2,100,7.88,0.0,0,0,0,0,0,0,0,0,0,0,0,0,65,65,65,65,300,0,-55,0,0.0,0.00,0.00,0.00,0.00,0,0.0,0.0,0.0,0.0,0.0,0.0,0.0
2023/10/16 15:52:36,140.2,100,7.88,0.0,0,0,0,0,0,0,0,0,0,0,0,0,65,65,65,65,300,0,-56,0,0.0,0.00,0.00,0.00,0.00,0,0.0,0.0,0.0,0.0,0.0,0.0,0.0
2023/10/16 15:53:06,140.2,99,7.88,0.0,0,0,0,0,0,0,0,0,0,0,0,0,65,65,65,65,300,0,-55,0,0.0,0.00,0.00,0.00,0.00,0,0.0,0.0,0.0,0.0,0.0,0.0,0.0
2023/10/16 15:53:36,140.2,100,7.88,0.0,0,0,0,0,0,0,0,0,0,0,0,0,65,65,65,65,300,0,-56,0,0.0,0.00,0.00,0.00,0.00,0,0.0,0.0,0.0,0.0,0.0,0.0,0.0
2023/10/16 15:54:06,140.2,100,7.89,0.0,0,0,0,0,0,0,0,0,0,0,0,0,65,65,65,65,300,0,-56,0,0.0,0.00,0.00,0.00,0.00,0,0.0,0.0,0.0,0.0,0.0,0.0,0.0
2023/10/16 15:54:36,140.2,100,7.89,0.0,0,0,0,0,0,0,0,0,0,0,0,0,65,65,65,65,300,0,-56,0,0.0,0.00,0.00,0.00,0.00,0,0.0,0.0,0.0,0.0,0.0,0.0,0.0
2023/10/16 15:55:06,140.2,100,7.89,0.0,0,0,0,0,0,0,0,0,0,0,0,0,65,65,65,65,300,0,-56,0,0.0,0.00,0.00,0.00,0.00,0,0.0,0.0,0.0,0.0,0.0,0.0,0.0
2023/10/16 15:55:37,140.2,99,7.90,0.0,0,0,0,0,0,0,0,0,0,0,0,0,65,65,65,65,300,0,-56,0,0.0,0.00,0.00,0.00,0.00,0,0.0,0.0,0.0,0.0,0.0,0.0,0.0
2023/10/16 15:56:07,140.2,100,7.89,0.0,0,0,0,0,0,0,0,0,0,0,0,0,65,65,65,65,300,0,-56,0,0.0,0.00,0.00,0.00,0.00,0,0.0,0.0,0.0,0.0,0.0,0.0,0.0
2023/10/16 15:56:37,140.2,99,7.90,0.0,0,0,0,0,0,0,0,0,0,0,0,0,65,65,65,65,300,0,-56,0,0.0,0.00,0.00,0.00,0.00,0,0.0,0.0,0.0,0.0,0.0,0.0,0.0
2023/10/16 15:57:07,140.2,100,7.90,0.0,0,0,0,0,0,0,0,0,0,0,0,0,65,65,65,65,300,0,-56,0,0.0,0.00,0.00,0.00,0.00,0,0.0,0.0,0.0,0.0,0.0,0.0,0.0
2023/10/16 15:57:37,140.2,100,7.90,0.0,0,0,0,0,0,0,0,0,0,0,0,0,65,65,65,65,300,0,-57,0,0.0,0.00,0.00,0.00,0.00,0,0.0,0.0,0.0,0.0,0.0,0.0,0.0
2023/10/16 15:58:07,140.2,100,7.90,0.0,0,0,0,0,0,0,0,0,0,0,0,0,65,65,65,65,300,0,-57,0,0.0,0.00,0.00,0.00,0.00,0,0.0,0.0,0.0,0.0,0.0,0.0,0.0
2023/10/16 15:58:37,140.2,99,7.91,0.0,0,0,0,0,0,0,0,0,0,0,0,0,65,65,65,65,300,0,-57,0,0.0,0.00,0.00,0.00,0.00,0,0.0,0.0,0.0,0.0,0.0,0.0,0.0
2023/10/16 15:59:08,140.2,101,7.91,0.0,0,0,0,0,0,0,0,0,0,0,0,0,65,65,65,65,300,0,-57,0,0.0,0.00,0.00,0.00,0.00,0,0.0,0.0,0.0,0.0,0.0,0.0,0.0
2023/10/16 15:59:38,140.2,100,7.91,0.0,0,0,0,0,0,0,0,0,0,0,0,0,65,65,65,65,300,0,-57,0,0.0,0.00,0.00,0.00,0.00,0,0.0,0.0,0.0,0.0,0.0,0.0,0.0
2023/10/16 16:00:08,140.2,100,7.92,0.0,0,0,0,0,0,0,0,0,0,0,0,0,65,65,65,65,300,0,-57,0,0.0,0.00,0.00,0.00,0.00,0,0.0,0.0,0.0,0.0,0.0,0.0,0.0
2023/10/16 16:00:38,140.2,100,7.92,0.0,0,0,0,0,0,0,0,0,0,0,0,0,65,65,65,65,300,0,-57,0,0.0,0.00,0.00,0.00,0.00,0,0.0,0.0,0.0,0.0,0.0,0.0,0.0
2023/10/16 16:01:08,140.2,100,7.92,0.0,0,0,0,0,0,0,0,0,0,0,0,0,65,65,65,65,300,0,-58,0,0.0,0.00,0.00,0.00,0.00,0,0.0,0.0,0.0,0.0,0.0,0.0,0.0
2023/10/16 16:01:38,140.2,100,7.92,0.0,0,0,0,0,0,0,0,0,0,0,0,0,65,65,65,65,300,0,-58,0,0.0,0.00,0.00,0.00,0.00,0,0.0,0.0,0.0,0.0,0.0,0.0,0.0
2023/10/16 16:02:09,140.2,99,7.92,0.0,0,0,0,0,0,0,0,0,0,0,0,0,65,65,65,65,300,0,-58,0,0.0,0.00,0.00,0.00,0.00,0,0.0,0.0,0.0,0.0,0.0,0.0,0.0
2023/10/16 16:02:39,140.2,100,7.93,0.0,0,0,0,0,0,0,0,0,0,0,0,0,65,65,65,65,300,0,-58,0,0.0,0.00,0.00,0.00,0.00,0,0.0,0.0,0.0,0.0,0.0,0.0,0.0
2023/10/16 16:03:09,140.2,99,7.93,0.0,0,0,0,0,0,0,0,0,0,0,0,0,65,65,65,65,300,0,-58,0,0.0,0.00,0.00,0.00,0.00,0,0.0,0.0,0.0,0.0,0.0,0.0,0.0
2023/10/16 16:03:39,140.2,100,7.93,0.0,0,0,0,0,0,0,0,0,0,0,0,0,65,65,65,65,300,0,-58,0,0.0,0.00,0.00,0.00,0.00,0,0.0,0.0,0.0,0.0,0.0,0.0,0.0
2023/10/16 16:04:09,140.2,100,7.93,0.0,0,0,0,0,0,0,0,0,0,0,0,0,65,65,65,65,300,0,-58,0,0.0,0.00,0.00,0.00,0.00,0,0.0,0.0,0.0,0.0,0.0,0.0,0.0
2023/10/16 16:04:39,140.2,99,7.94,0.0,0,0,0,0,0,0,0,0,0,0,0,0,65,65,65,65,300,0,-58,0,0.0,0.00,0.00,0.00,0.00,0,0.0,0.0,0.0,0.0,0.0,0.0,0.0
2023/10/16 16:05:09,140.2,100,7.93,0.0,0,0,0,0,0,0,0,0,0,0,0,0,65,65,65,65,300,0,-59,0,0.0,0.00,0.00,0.00,0.00,0,0.0,0.0,0.0,0.0,0.0,0.0,0.0
2023/10/16 16:05:40,140.2,100,7.94,0.0,0,0,0,0,0,0,0,0,0,0,0,0,65,65,65,65,300,0,-59,0,0.0,0.00,0.00,0.00,0.00,0,0.0,0.0,0.0,0.0,0.0,0.0,0.0
2023/10/16 16:06:10,140.2,100,7.95,0.0,0,0,0,0,0,0,0,0,0,0,0,0,65,65,65,65,300,0,-59,0,0.0,0.00,0.00,0.00,0.00,0,0.0,0.0,0.0,0.0,0.0,0.0,0.0
2023/10/16 16:06:40,140.2,100,7.95,0.0,0,0,0,0,0,0,0,0,0,0,0,0,65,65,65,65,300,0,-59,0,0.0,0.00,0.00,0.00,0.00,0,0.0,0.0,0.0,0.0,0.0,0.0,0.0
2023/10/16 16:07:10,140.2,100,7.95,0.0,0,0,0,0,0,0,0,0,0,0,0,0,65,65,65,65,300,0,-59,0,0.0,0.00,0.00,0.00,0.00,0,0.0,0.0,0.0,0.0,0.0,0.0,0.0
2023/10/16 16:07:40,140.2,101,7.95,0.0,0,0,0,0,0,0,0,0,0,0,0,0,65,65,65,65,300,0,-60,0,0.0,0.00,0.00,0.00,0.00,0,0.0,0.0,0.0,0.0,0.0,0.0,0.0
2023/10/16 16:08:10,140.2,100,7.95,0.0,0,0,0,0,0,0,0,0,0,0,0,0,65,65,65,65,300,0,-60,0,0.0,0.00,0.00,0.00,0.00,0,0.0,0.0,0.0,0.0,0.0,0.0,0.0
2023/10/16 16:08:41,140.2,100,7.96,0.0,0,0,0,0,0,0,0,0,0,0,0,0,65,65,65,65,300,0,-60,0,0.0,0.00,0.00,0.00,0.00,0,0.0,0.0,0.0,0.0,0.0,0.0,0.0
2023/10/16 16:09:11,140.2,100,7.96,0.0,0,0,0,0,0,0,0,0,0,0,0,0,65,65,65,65,300,0,-60,0,0.0,0.00,0.00,0.00,0.00,0,0.0,0.0,0.0,0.0,0.0,0.0,0.0
2023/10/16 16:09:41,140.2,100,7.96,0.0,0,0,0,0,0,0,0,0,0,0,0,0,65,65,65,65,300,0,-60,0,0.0,0.00,0.00,0.00,0.00,0,0.0,0.0,0.0,0.0,0.0,0.0,0.0
2023/10/16 16:10:11,140.2,100,7.97,0.0,0,0,0,0,0,0,0,0,0,0,0,0,65,65,65,65,300,0,-60,0,0.0,0.00,0.00,0.00,0.00,0,0.0,0.0,0.0,0.0,0.0,0.0,0.0
2023/10/16 16:10:41,140.2,99,7.97,0.0,0,0,0,0,0,0,0,0,0,0,0,0,65,65,65,65,300,0,-61,0,0.0,0.00,0.00,0.00,0.00,0,0.0,0.0,0.0,0.0,0.0,0.0,0.0
2023/10/16 16:11:11,140.2,100,7.97,0.0,0,0,0,0,0,0,0,0,0,0,0,0,65,65,65,65,300,0,-61,0,0.0,0.00,0.00,0.00,0.00,0,0.0,0.0,0.0,0.0,0.0,0.0,0.0
2023/10/16 16:11:41,140.2,100,7.97,0.0,0,0,0,0,0,0,0,0,0,0,0,0,65,65,65,65,300,0,-61,0,0.0,0.00,0.00,0.00,0.00,0,0.0,0.0,0.0,0.0,0.0,0.0,0.0
2023/10/16 16:12:12,140.2,101,7.98,0.0,0,0,0,0,0,0,0,0,0,0,0,0,65,65,65,65,300,0,-61,0,0.0,0.00,0.00,0.00,0.00,0,0.0,0.0,0.0,0.0,0.0,0.0,0.0
2023/10/16 16:12:42,140.2,101,7.98,0.0,0,0,0,0,0,0,0,0,0,0,0,0,65,65,65,65,300,0,-61,0,0.0,0.00,0.00,0.00,0.00,0,0.0,0.0,0.0,0.0,0.0,0.0,0.0
2023/10/16 16:13:12,140.2,100,7.98,0.0,0,0,0,0,0,0,0,0,0,0,0,0,65,65,65,65,300,0,-62,0,0.0,0.00,0.00,0.00,0.00,0,0.0,0.0,0.0,0.0,0.0,0.0,0.0
2023/10/16 16:13:42,140.2,100,7.98,0.0,0,0,0,0,0,0,0,0,0,0,0,0,65,65,65,65,300,0,-62,0,0.0,0.00,0.00,0.00,0.00,0,0.0,0.0,0.0,0.0,0.0,0.0,0.0
2023/10/16 16:14:12,140.2,100,7.98,0.0,0,0,0,0,0,0,0,0,0,0,0,0,65,65,65,65,300,0,-62,0,0.0,0.00,0.00,0.00,0.00,0,0.0,0.0,0.0,0.0,0.0,0.0,0.0
2023/10/16 16:14:42,140.2,101,7.99,0.0,0,0,0,0,0,0,0,0,0,0,0,0,65,65,65,65,300,0,-62,0,0.0,0.00,0.00,0.00,0.00,0,0.0,0.0,0.0,0.0,0.0,0.0,0.0
2023/10/16 16:15:12,140.2,100,7.99,0.0,0,0,0,0,0,0,0,0,0,0,0,0,65,65,65,65,300,0,-62,0,0.0,0.00,0.00,0.00,0.00,0,0.0,0.0,0.0,0.0,0.0,0.0,0.0
2023/10/16 16:15:43,140.2,100,7.99,0.0,0,0,0,0,0,0,0,0,0,0,0,0,65,65,65,65,300,0,-62,0,0.0,0.00,0.00,0.00,0.00,0,0.0,0.0,0.0,0.0,0.0,0.0,0.0
2023/10/16 16:16:13,140.2,100,7.99,0.0,0,0,0,0,0,0,0,0,0,0,0,0,65,65,65,65,300,0,-63,0,0.0,0.00,0.00,0.00,0.00,0,0.0,0.0,0.0,0.0,0.0,0.0,0.0
2023/10/16 16:16:43,140.2,100,8.00,0.0,0,0,0,0,0,0,0,0,0,0,0,0,65,65,65,65,300,0,-63,0,0.0,0.00,0.00,0.00,0.00,0,0.0,0.0,0.0,0.0,0.0,0.0,0.0
2023/10/16 16:17:13,140.2,101,8.00,0.0,0,0,0,0,0,0,0,0,0,0,0,0,65,65,65,65,300,0,-63,0,0.0,0.00,0.00,0.00,0.00,0,0.0,0.0,0.0,0.0,0.0,0.0,0.0
2023/10/16 16:17:43,140.2,100,8.00,0.0,0,0,0,0,0,0,0,0,0,0,0,0,65,65,65,65,300,0,-63,0,0.0,0.00,0.00,0.00,0.00,0,0.0,0.0,0.0,0.0,0.0,0.0,0.0
2023/10/16 16:18:13,140.2,100,8.00,0.0,0,0,0,0,0,0,0,0,0,0,0,0,65,65,65,65,300,0,-63,0,0.0,0.00,0.00,0.00,0.00,0,0.0,0.0,0.0,0.0,0.0,0.0,0.0
2023/10/16 16:18:43,140.2,100,8.01,0.0,0,0,0,0,0,0,0,0,0,0,0,0,65,65,65,65,300,0,-63,0,0.0,0.00,0.00,0.00,0.00,0,0.0,0.0,0.0,0.0,0.0,0.0,0.0
2023/10/16 16:19:14,140.2,100,8.01,0.0,0,0,0,0,0,0,0,0,0,0,0,0,65,65,65,65,300,0,-63,0,0.0,0.00,0.00,0.00,0.00,0,0.0,0.0,0.0,0.0,0.0,0.0,0.0
2023/10/16 16:19:44,140.2,100,8.01,0.0,0,0,0,0,0,0,0,0,0,0,0,0,65,65,65,65,300,0,-63,0,0.0,0.00,0.00,0.00,0.00,0,0.0,0.0,0.0,0.0,0.0,0.0,0.0
2023/10/16 16:20:14,140.2,100,8.01,0.0,0,0,0,0,0,0,0,0,0,0,0,0,65,65,65,65,300,0,-64,0,0.0,0.00,0.00,0.00,0.00,0,0.0,0.0,0.0,0.0,0.0,0.0,0.0
2023/10/16 16:20:44,140.2,100,8.02,0.0,0,0,0,0,0,0,0,0,0,0,0,0,65,65,65,65,300,0,-64,0,0.0,0.00,0.00,0.00,0.00,0,0.0,0.0,0.0,0.0,0.0,0.0,0.0
2023/10/16 16:21:14,140.2,100,8.02,0.0,0,0,0,0,0,0,0,0,0,0,0,0,65,65,65,65,300,0,-64,0,0.0,0.00,0.00,0.00,0.00,0,0.0,0.0,0.0,0.0,0.0,0.0,0.0
2023/10/16 16:21:45,140.2,100,8.02,0.0,0,0,0,0,0,0,0,0,0,0,0,0,65,65,65,65,300,0,-64,0,0.0,0.00,0.00,0.00,0.00,0,0.0,0.0,0.0,0.0,0.0,0.0,0.0
2023/10/16 16:22:15,140.2,100,8.03,0.0,0,0,0,0,0,0,0,0,0,0,0,0,65,65,65,65,300,0,-64,0,0.0,0.00,0.00,0.00,0.00,0,0.0,0.0,0.0,0.0,0.0,0.0,0.0
2023/10/16 16:22:45,140.2,100,8.04,0.0,0,0,0,0,0,0,0,0,0,0,0,0,65,65,65,65,300,0,-65,0,0.0,0.00,0.00,0.00,0.00,0,0.0,0.0,0.0,0.0,0.0,0.0,0.0
2023/10/16 16:23:15,140.2,100,8.04,0.0,0,0,0,0,0,0,0,0,0,0,0,0,65,65,65,65,300,0,-65,0,0.0,0.00,0.00,0.00,0.00,0,0.0,0.0,0.0,0.0,0.0,0.0,0.0
2023/10/16 16:23:45,140.2,100,8.04,0.0,0,0,0,0,0,0,0,0,0,0,0,0,65,65,65,65,300,0,-66,0,0.0,0.00,0.00,0.00,0.00,0,0.0,0.0,0.0,0.0,0.0,0.0,0.0
2023/10/16 16:24:15,140.2,100,8.04,0.0,0,0,0,0,0,0,0,0,0,0,0,0,65,65,65,65,300,0,-66,0,0.0,0.00,0.00,0.00,0.00,0,0.0,0.0,0.0,0.0,0.0,0.0,0.0
2023/10/16 16:24:46,140.2,100,8.05,0.0,0,0,0,0,0,0,0,0,0,0,0,0,65,65,65,65,300,0,-66,0,0.0,0.00,0.00,0.00,0.00,0,0.0,0.0,0.0,0.0,0.0,0.0,0.0
2023/10/16 16:25:16,140.2,100,8.05,0.0,0,0,0,0,0,0,0,0,0,0,0,0,65,65,65,65,300,0,-66,0,0.0,0.00,0.00,0.00,0.00,0,0.0,0.0,0.0,0.0,0.0,0.0,0.0
2023/10/16 16:25:46,140.2,100,8.05,0.0,0,0,0,0,0,0,0,0,0,0,0,0,65,65,65,65,300,0,-66,0,0.0,0.00,0.00,0.00,0.00,0,0.0,0.0,0.0,0.0,0.0,0.0,0.0
2023/10/16 16:26:16,140.2,99,8.05,0.0,0,0,0,0,0,0,0,0,0,0,0,0,65,65,65,65,300,0,-67,0,0.0,0.00,0.00,0.00,0.00,0,0.0,0.0,0.0,0.0,0.0,0.0,0.0
2023/10/16 16:26:46,140.2,100,8.05,0.0,0,0,0,0,0,0,0,0,0,0,0,0,65,65,65,65,300,0,-67,0,0.0,0.00,0.00,0.00,0.00,0,0.0,0.0,0.0,0.0,0.0,0.0,0.0
2023/10/16 16:27:16,140.2,100,8.06,0.0,0,0,0,0,0,0,0,0,0,0,0,0,65,65,65,65,300,0,-67,0,0.0,0.00,0.00,0.00,0.00,0,0.0,0.0,0.0,0.0,0.0,0.0,0.0
2023/10/16 16:27:46,140.2,100,8.06,0.0,0,0,0,0,0,0,0,0,0,0,0,0,65,65,65,65,300,0,-67,0,0.0,0.00,0.00,0.00,0.00,0,0.0,0.0,0.0,0.0,0.0,0.0,0.0
2023/10/16 16:28:17,140.2,101,8.06,0.0,0,0,0,0,0,0,0,0,0,0,0,0,65,65,65,65,300,0,-67,0,0.0,0.00,0.00,0.00,0.00,0,0.0,0.0,0.0,0.0,0.0,0.0,0.0
2023/10/16 16:28:47,140.2,100,8.06,0.0,0,0,0,0,0,0,0,0,0,0,0,0,65,65,65,65,300,0,-67,0,0.0,0.00,0.00,0.00,0.00,0,0.0,0.0,0.0,0.0,0.0,0.0,0.0
2023/10/16 16:29:17,140.2,99,8.06,0.0,0,0,0,0,0,0,0,0,0,0,0,0,65,65,65,65,300,0,-67,0,0.0,0.00,0.00,0.00,0.00,0,0.0,0.0,0.0,0.0,0.0,0.0,0.0
2023/10/16 16:29:47,140.2,100,8.06,0.0,0,0,0,0,0,0,0,0,0,0,0,0,65,65,65,65,300,0,-67,0,0.0,0.00,0.00,0.00,0.00,0,0.0,0.0,0.0,0.0,0.0,0.0,0.0
2023/10/16 16:30:17,140.2,99,8.06,0.0,0,0,0,0,0,0,0,0,0,0,0,0,65,65,65,65,300,0,-67,0,0.0,0.00,0.00,0.00,0.00,0,0.0,0.0,0.0,0.0,0.0,0.0,0.0
2023/10/16 16:30:47,140.2,100,8.07,0.0,0,0,0,0,0,0,0,0,0,0,0,0,65,65,65,65,300,0,-68,0,0.0,0.00,0.00,0.00,0.00,0,0.0,0.0,0.0,0.0,0.0,0.0,0.0
2023/10/16 16:31:17,140.2,100,8.07,0.0,0,0,0,0,0,0,0,0,0,0,0,0,65,65,65,65,300,0,-68,0,0.0,0.00,0.00,0.00,0.00,0,0.0,0.0,0.0,0.0,0.0,0.0,0.0
2023/10/16 16:31:47,140.2,99,8.07,0.0,0,0,0,0,0,0,0,0,0,0,0,0,65,65,65,65,300,0,-68,0,0.0,0.00,0.00,0.00,0.00,0,0.0,0.0,0.0,0.0,0.0,0.0,0.0
2023/10/16 16:32:18,140.2,99,8.07,0.0,0,0,0,0,0,0,0,0,0,0,0,0,65,65,65,65,300,0,-68,0,0.0,0.00,0.00,0.00,0.00,0,0.0,0.0,0.0,0.0,0.0,0.0,0.0
2023/10/16 16:32:48,140.2,100,8.07,0.0,0,0,0,0,0,0,0,0,0,0,0,0,65,65,65,65,300,0,-68,0,0.0,0.00,0.00,0.00,0.00,0,0.0,0.0,0.0,0.0,0.0,0.0,0.0
2023/10/16 16:33:18,140.2,100,8.07,0.0,0,0,0,0,0,0,0,0,0,0,0,0,65,65,65,65,300,0,-68,0,0.0,0.00,0.00,0.00,0.00,0,0.0,0.0,0.0,0.0,0.0,0.0,0.0
2023/10/16 16:33:48,140.2,99,8.08,0.0,0,0,0,0,0,0,0,0,0,0,0,0,65,65,65,65,300,0,-68,0,0.0,0.00,0.00,0.00,0.00,0,0.0,0.0,0.0,0.0,0.0,0.0,0.0
2023/10/16 16:34:18,140.2,100,8.08,0.0,0,0,0,0,0,0,0,0,0,0,0,0,65,65,65,65,300,0,-68,0,0.0,0.00,0.00,0.00,0.00,0,0.0,0.0,0.0,0.0,0.0,0.0,0.0
2023/10/16 16:34:48,140.2,100,8.08,0.0,0,0,0,0,0,0,0,0,0,0,0,0,65,65,65,65,300,0,-68,0,0.0,0.00,0.00,0.00,0.00,0,0.0,0.0,0.0,0.0,0.0,0.0,0.0
2023/10/16 16:35:18,140.2,100,8.08,0.0,0,0,0,0,0,0,0,0,0,0,0,0,65,65,65,65,300,0,-68,0,0.0,0.00,0.00,0.00,0.00,0,0.0,0.0,0.0,0.0,0.0,0.0,0.0
2023/10/16 16:35:49,140.2,100,8.08,0.0,0,0,0,0,0,0,0,0,0,0,0,0,65,65,65,65,300,0,-68,0,0.0,0.00,0.00,0.00,0.00,0,0.0,0.0,0.0,0.0,0.0,0.0,0.0
2023/10/16 16:36:19,140.2,100,8.09,0.0,0,0,0,0,0,0,0,0,0,0,0,0,65,65,65,65,300,0,-69,0,0.0,0.00,0.00,0.00,0.00,0,0.0,0.0,0.0,0.0,0.0,0.0,0.0
2023/10/16 16:36:49,140.2,100,8.09,0.0,0,0,0,0,0,0,0,0,0,0,0,0,65,65,65,65,300,0,-69,0,0.0,0.00,0.00,0.00,0.00,0,0.0,0.0,0.0,0.0,0.0,0.0,0.0
2023/10/16 16:37:19,140.2,100,8.09,0.0,0,0,0,0,0,0,0,0,0,0,0,0,65,65,65,65,300,0,-69,0,0.0,0.00,0.00,0.00,0.00,0,0.0,0.0,0.0,0.0,0.0,0.0,0.0
2023/10/16 16:37:49,140.2,100,8.09,0.0,0,0,0,0,0,0,0,0,0,0,0,0,65,65,65,65,300,0,-69,0,0.0,0.00,0.00,0.00,0.00,0,0.0,0.0,0.0,0.0,0.0,0.0,0.0
2023/10/16 16:38:19,140.2,40,8.10,0.0,0,0,0,0,0,0,0,0,0,0,0,0,65,65,65,65,300,0,-69,0,0.0,0.00,0.00,0.00,0.00,0,0.0,0.0,0.0,0.0,0.0,0.0,0.0
2023/10/16 16:38:50,140.2,40,8.10,0.0,0,0,0,0,0,0,0,0,0,0,0,0,65,65,65,65,300,0,-70,0,0.0,0.00,0.00,0.00,0.00,0,0.0,0.0,0.0,0.0,0.0,0.0,0.0
2023/10/16 16:39:20,140.2,40,8.10,0.0,0,0,0,0,0,0,0,0,0,0,0,0,65,65,65,65,300,0,-70,0,0.0,0.00,0.00,0.00,0.00,0,0.0,0.0,0.0,0.0,0.0,0.0,0.0
2023/10/16 16:39:50,140.2,40,8.11,0.0,0,0,0,0,0,0,0,0,0,0,0,0,65,65,65,65,300,0,-70,0,0.0,0.00,0.00,0.00,0.00,0,0.0,0.0,0.0,0.0,0.0,0.0,0.0
2023/10/16 16:40:20,140.2,40,8.12,0.0,0,0,0,0,0,0,0,0,0,0,0,0,65,65,65,65,300,0,-70,0,0.0,0.00,0.00,0.00,0.00,0,0.0,0.0,0.0,0.0,0.0,0.0,0.0
2023/10/16 16:40:50,140.2,40,8.12,0.0,0,0,0,0,0,0,0,0,0,0,0,0,65,65,65,65,300,0,-71,0,0.0,0.00,0.00,0.00,0.00,0,0.0,0.0,0.0,0.0,0.0,0.0,0.0
2023/10/16 16:41:20,140.2,40,8.12,0.0,0,0,0,0,0,0,0,0,0,0,0,0,65,65,65,65,300,0,-71,0,0.0,0.00,0.00,0.00,0.00,0,0.0,0.0,0.0,0.0,0.0,0.0,0.0
2023/10/16 16:41:50,140.2,39,8.12,0.0,0,0,0,0,0,0,0,0,0,0,0,0,65,65,65,65,300,0,-71,0,0.0,0.00,0.00,0.00,0.00,0,0.0,0.0,0.0,0.0,0.0,0.0,0.0
2023/10/16 16:42:20,140.2,40,8.13,0.0,0,0,0,0,0,0,0,0,0,0,0,0,65,65,65,65,300,0,-72,0,0.0,0.00,0.00,0.00,0.00,0,0.0,0.0,0.0,0.0,0.0,0.0,0.0
2023/10/16 16:42:51,140.2,40,8.13,0.0,0,0,0,0,0,0,0,0,0,0,0,0,65,65,65,65,300,0,-72,0,0.0,0.00,0.00,0.00,0.00,0,0.0,0.0,0.0,0.0,0.0,0.0,0.0
2023/10/16 16:43:21,140.2,40,8.14,0.0,0,0,0,0,0,0,0,0,0,0,0,0,65,65,65,65,300,0,-73,0,0.0,0.00,0.00,0.00,0.00,0,0.0,0.0,0.0,0.0,0.0,0.0,0.0
2023/10/16 16:43:51,140.2,39,8.14,0.0,0,0,0,0,0,0,0,0,0,0,0,0,65,65,65,65,300,0,-73,0,0.0,0.00,0.00,0.00,0.00,0,0.0,0.0,0.0,0.0,0.0,0.0,0.0
2023/10/16 16:44:21,140.2,40,8.14,0.0,0,0,0,0,0,0,0,0,0,0,0,0,65,65,65,65,300,0,-73,0,0.0,0.00,0.00,0.00,0.00,0,0.0,0.0,0.0,0.0,0.0,0.0,0.0
2023/10/16 16:44:51,140.2,41,8.15,0.0,0,0,0,0,0,0,0,0,0,0,0,0,65,65,65,65,300,0,-74,0,0.0,0.00,0.00,0.00,0.00,0,0.0,0.0,0.0,0.0,0.0,0.0,0.0
2023/10/16 16:45:22,140.2,40,8.15,0.0,0,0,0,0,0,0,0,0,0,0,0,0,65,65,65,65,300,0,-74,0,0.0,0.00,0.00,0.00,0.00,0,0.0,0.0,0.0,0.0,0.0,0.0,0.0
2023/10/16 16:45:52,140.2,40,8.16,0.0,0,0,0,0,0,0,0,0,0,0,0,0,65,65,65,65,300,0,-75,0,0.0,0.00,0.00,0.00,0.00,0,0.0,0.0,0.0,0.0,0.0,0.0,0.0
2023/10/16 16:46:22,140.2,40,8.16,0.0,0,0,0,0,0,0,0,0,0,0,0,0,65,65,65,65,300,0,-75,0,0.0,0.00,0.00,0.00,0.00,0,0.0,0.0,0.0,0.0,0.0,0.0,0.0
2023/10/16 16:46:52,140.2,40,8.17,0.0,0,0,0,0,0,0,0,0,0,0,0,0,65,65,65,65,300,0,-75,0,0.0,0.00,0.00,0.00,0.00,0,0.0,0.0,0.0,0.0,0.0,0.0,0.0
2023/10/16 16:47:22,140.2,40,8.17,0.0,0,0,0,0,0,0,0,0,0,0,0,0,65,65,65,65,300,0,-76,0,0.0,0.00,0.00,0.00,0.00,0,0.0,0.0,0.0,0.0,0.0,0.0,0.0
2023/10/16 16:47:52,140.2,40,8.17,0.0,0,0,0,0,0,0,0,0,0,0,0,0,65,65,65,65,300,0,-76,0,0.0,0.00,0.00,0.00,0.00,0,0.0,0.0,0.0,0.0,0.0,0.0,0.0
2023/10/16 16:48:22,140.2,40,8.17,0.0,0,0,0,0,0,0,0,0,0,0,0,0,65,65,65,65,300,0,-76,0,0.0,0.00,0.00,0.00,0.00,0,0.0,0.0,0.0,0.0,0.0,0.0,0.0
2023/10/16 16:48:53,140.2,40,8.18,0.0,0,0,0,0,0,0,0,0,0,0,0,0,65,65,65,65,300,0,-77,0,0.0,0.00,0.00,0.00,0.00,0,0.0,0.0,0.0,0.0,0.0,0.0,0.0
2023/10/16 16:49:23,140.2,40,8.19,0.0,0,0,0,0,0,0,0,0,0,0,0,0,65,65,65,65,300,0,-77,0,0.0,0.00,0.00,0.00,0.00,0,0.0,0.0,0.0,0.0,0.0,0.0,0.0
2023/10/16 16:49:53,140.2,40,8.19,0.0,0,0,0,0,0,0,0,0,0,0,0,0,65,65,65,65,300,0,-78,0,0.0,0.00,0.00,0.00,0.00,0,0.0,0.0,0.0,0.0,0.0,0.0,0.0
2023/10/16 16:50:23,140.2,40,8.19,0.0,0,0,0,0,0,0,0,0,0,0,0,0,65,65,65,65,300,0,-78,0,0.0,0.00,0.00,0.00,0.00,0,0.0,0.0,0.0,0.0,0.0,0.0,0.0
2023/10/16 16:50:53,140.2,39,8.20,0.0,0,0,0,0,0,0,0,0,0,0,0,0,65,65,65,65,300,0,-78,0,0.0,0.00,0.00,0.00,0.00,0,0.0,0.0,0.0,0.0,0.0,0.0,0.0
2023/10/16 16:51:23,140.2,39,8.20,0.0,0,0,0,0,0,0,0,0,0,0,0,0,65,65,65,65,300,0,-79,0,0.0,0.00,0.00,0.00,0.00,0,0.0,0.0,0.0,0.0,0.0,0.0,0.0
2023/10/16 16:51:53,140.2,40,8.21,0.0,0,0,0,0,0,0,0,0,0,0,0,0,65,65,65,65,300,0,-79,0,0.0,0.00,0.00,0.00,0.00,0,0.0,0.0,0.0,0.0,0.0,0.0,0.0
2023/10/16 16:52:24,140.2,40,8.21,0.0,0,0,0,0,0,0,0,0,0,0,0,0,65,65,65,65,300,0,-80,0,0.0,0.00,0.00,0.00,0.00,0,0.0,0.0,0.0,0.0,0.0,0.0,0.0
2023/10/16 16:52:54,140.2,39,8.21,0.0,0,0,0,0,0,0,0,0,0,0,0,0,65,65,65,65,300,0,-80,0,0.0,0.00,0.00,0.00,0.00,0,0.0,0.0,0.0,0.0,0.0,0.0,0.0
2023/10/16 16:53:24,140.2,40,8.22,0.0,0,0,0,0,0,0,0,0,0,0,0,0,65,65,65,65,300,0,-81,0,0.0,0.00,0.00,0.00,0.00,0,0.0,0.0,0.0,0.0,0.0,0.0,0.0
2023/10/16 16:53:54,140.2,40,8.22,0.0,0,0,0,0,0,0,0,0,0,0,0,0,65,65,65,65,300,0,-81,0,0.0,0.00,0.00,0.00,0.00,0,0.0,0.0,0.0,0.0,0.0,0.0,0.0
2023/10/16 16:54:24,140.2,40,8.23,0.0,0,0,0,0,0,0,0,0,0,0,0,0,65,65,65,65,300,0,-81,0,0.0,0.00,0.00,0.00,0.00,0,0.0,0.0,0.0,0.0,0.0,0.0,0.0
2023/10/16 16:54:54,140.2,41,8.24,0.0,0,0,0,0,0,0,0,0,0,0,0,0,65,65,65,65,300,0,-82,0,0.0,0.00,0.00,0.00,0.00,0,0.0,0.0,0.0,0.0,0.0,0.0,0.0
2023/10/16 16:55:25,140.2,40,8.24,0.0,0,0,0,0,0,0,0,0,0,0,0,0,65,65,65,65,300,0,-82,0,0.0,0.00,0.00,0.00,0.00,0,0.0,0.0,0.0,0.0,0.0,0.0,0.0
2023/10/16 16:55:55,140.2,40,8.24,0.0,0,0,0,0,0,0,0,0,0,0,0,0,65,65,65,65,300,0,-83,0,0.0,0.00,0.00,0.00,0.00,0,0.0,0.0,0.0,0.0,0.0,0.0,0.0
2023/10/16 16:56:25,140.2,40,8.25,0.0,0,0,0,0,0,0,0,0,0,0,0,0,65,65,65,65,300,0,-83,0,0.0,0.00,0.00,0.00,0.00,0,0.0,0.0,0.0,0.0,0.0,0.0,0.0
2023/10/16 16:56:55,140.2,40,8.26,0.0,0,0,0,0,0,0,0,0,0,0,0,0,65,65,65,65,300,0,-84,0,0.0,0.00,0.00,0.00,0.00,0,0.0,0.0,0.0,0.0,0.0,0.0,0.0
2023/10/16 16:57:25,140.2,41,8.26,0.0,0,0,0,0,0,0,0,0,0,0,0,0,65,65,65,65,300,0,-84,0,0.0,0.00,0.00,0.00,0.00,0,0.0,0.0,0.0,0.0,0.0,0.0,0.0
2023/10/16 16:57:55,140.2,41,8.26,0.0,0,0,0,0,0,0,0,0,0,0,0,0,65,65,65,65,300,0,-85,0,0.0,0.00,0.00,0.00,0.00,0,0.0,0.0,0.0,0.0,0.0,0.0,0.0
2023/10/16 16:58:25,140.2,40,8.27,0.0,0,0,0,0,0,0,0,0,0,0,0,0,65,65,65,65,300,0,-85,0,0.0,0.00,0.00,0.00,0.00,0,0.0,0.0,0.0,0.0,0.0,0.0,0.0
2023/10/16 16:58:56,140.2,39,8.27,0.0,0,0,0,0,0,0,0,0,0,0,0,0,65,65,65,65,300,0,-85,0,0.0,0.00,0.00,0.00,0.00,0,0.0,0.0,0.0,0.0,0.0,0.0,0.0
2023/10/16 16:59:26,140.2,40,8.28,0.0,0,0,0,0,0,0,0,0,0,0,0,0,65,65,65,65,300,0,-86,0,0.0,0.00,0.00,0.00,0.00,0,0.0,0.0,0.0,0.0,0.0,0.0,0.0
2023/10/16 16:59:56,140.2,40,8.28,0.0,0,0,0,0,0,0,0,0,0,0,0,0,65,65,65,65,300,0,-86,0,0.0,0.00,0.00,0.00,0.00,0,0.0,0.0,0.0,0.0,0.0,0.0,0.0
2023/10/16 17:00:26,140.2,39,8.29,0.0,0,0,0,0,0,0,0,0,0,0,0,0,65,65,65,65,300,0,-87,0,0.0,0.00,0.00,0.00,0.00,0,0.0,0.0,0.0,0.0,0.0,0.0,0.0
2023/10/16 17:00:56,140.2,40,8.29,0.0,0,0,0,0,0,0,0,0,0,0,0,0,65,65,65,65,300,0,-87,0,0.0,0.00,0.00,0.00,0.00,0,0.0,0.0,0.0,0.0,0.0,0.0,0.0
2023/10/16 17:01:26,140.2,40,8.30,0.0,0,0,0,0,0,0,0,0,0,0,0,0,65,65,65,65,300,0,-88,0,0.0,0.00,0.00,0.00,0.00,0,0.0,0.0,0.0,0.0,0.0,0.0,0.0
2023/10/16 17:01:57,140.2,40,8.30,0.0,0,0,0,0,0,0,0,0,0,0,0,0,65,65,65,65,300,0,-88,0,0.0,0.00,0.00,0.00,0.00,0,0.0,0.0,0.0,0.0,0.0,0.0,0.0
2023/10/16 17:02:27,140.2,41,8.31,0.0,0,0,0,0,0,0,0,0,0,0,0,0,65,65,65,65,300,0,-88,0,0.0,0.00,0.00,0.00,0.00,0,0.0,0.0,0.0,0.0,0.0,0.0,0.0
2023/10/16 17:02:57,140.2,41,8.31,0.0,0,0,0,0,0,0,0,0,0,0,0,0,65,65,65,65,300,0,-89,0,0.0,0.00,0.00,0.00,0.00,0,0.0,0.0,0.0,0.0,0.0,0.0,0.0
2023/10/16 17:03:27,140.2,41,8.31,0.0,0,0,0,0,0,0,0,0,0,0,0,0,65,65,65,65,300,0,-89,0,0.0,0.00,0.00,0.00,0.00,0,0.0,0.0,0.0,0.0,0.0,0.0,0.0
2023/10/16 17:03:57,140.2,40,8.32,0.0,0,0,0,0,0,0,0,0,0,0,0,0,65,65,65,65,300,0,-90,0,0.0,0.00,0.00,0.00,0.00,0,0.0,0.0,0.0,0.0,0.0,0.0,0.0
2023/10/16 17:04:27,140.2,40,8.32,0.0,0,0,0,0,0,0,0,0,0,0,0,0,65,65,65,65,300,0,-90,0,0.0,0.00,0.00,0.00,0.00,0,0.0,0.0,0.0,0.0,0.0,0.0,0.0
2023/10/16 17:04:57,140.2,39,8.33,0.0,0,0,0,0,0,0,0,0,0,0,0,0,65,65,65,65,300,0,-91,0,0.0,0.00,0.00,0.00,0.00,0,0.0,0.0,0.0,0.0,0.0,0.0,0.0
2023/10/16 17:05:28,140.2,40,8.33,0.0,0,0,0,0,0,0,0,0,0,0,0,0,65,65,65,65,300,0,-91,0,0.0,0.00,0.00,0.00,0.00,0,0.0,0.0,0.0,0.0,0.0,0.0,0.0
2023/10/16 17:05:58,140.2,40,8.34,0.0,0,0,0,0,0,0,0,0,0,0,0,0,65,65,65,65,300,0,-91,0,0.0,0.00,0.00,0.00,0.00,0,0.0,0.0,0.0,0.0,0.0,0.0,0.0
2023/10/16 17:06:28,140.2,40,8.34,0.0,0,0,0,0,0,0,0,0,0,0,0,0,65,65,65,65,300,0,-92,0,0.0,0.00,0.00,0.00,0.00,0,0.0,0.0,0.0,0.0,0.0,0.0,0.0
2023/10/16 17:06:58,140.2,41,8.34,0.0,0,0,0,0,0,0,0,0,0,0,0,0,65,65,65,65,300,0,-92,0,0.0,0.00,0.00,0.00,0.00,0,0.0,0.0,0.0,0.0,0.0,0.0,0.0
2023/10/16 17:07:28,140.2,40,8.35,0.0,0,0,0,0,0,0,0,0,0,0,0,0,65,65,65,65,300,0,-92,0,0.0,0.00,0.00,0.00,0.00,0,0.0,0.0,0.0,0.0,0.0,0.0,0.0
2023/10/16 17:07:58,140.2,41,8.35,0.0,0,0,0,0,0,0,0,0,0,0,0,0,65,65,65,65,300,0,-92,0,0.0,0.00,0.00,0.00,0.00,0,0.0,0.0,0.0,0.0,0.0,0.0,0.0
2023/10/16 17:08:28,140.2,40,8.35,0.0,0,0,0,0,0,0,0,0,0,0,0,0,65,65,65,65,300,0,-93,0,0.0,0.00,0.00,0.00,0.00,0,0.0,0.0,0.0,0.0,0.0,0.0,0.0
2023/10/16 17:08:59,140.2,41,8.35,0.0,0,0,0,0,0,0,0,0,0,0,0,0,65,65,65,65,300,0,-93,0,0.0,0.00,0.00,0.00,0.00,0,0.0,0.0,0.0,0.0,0.0,0.0,0.0
2023/10/16 17:09:29,140.2,40,8.36,0.0,0,0,0,0,0,0,0,0,0,0,0,0,65,65,65,65,300,0,-93,0,0.0,0.00,0.00,0.00,0.00,0,0.0,0.0,0.0,0.0,0.0,0.0,0.0
2023/10/16 17:09:59,140.2,40,8.36,0.0,0,0,0,0,0,0,0,0,0,0,0,0,65,65,65,65,300,0,-93,0,0.0,0.00,0.00,0.00,0.00,0,0.0,0.0,0.0,0.0,0.0,0.0,0.0
2023/10/16 17:10:29,140.2,40,8.36,0.0,0,0,0,0,0,0,0,0,0,0,0,0,65,65,65,65,300,0,-94,0,0.0,0.00,0.00,0.00,0.00,0,0.0,0.0,0.0,0.0,0.0,0.0,0.0
2023/10/16 17:10:59,140.2,41,8.37,0.0,0,0,0,0,0,0,0,0,0,0,0,0,65,65,65,65,300,0,-94,0,0.0,0.00,0.00,0.00,0.00,0,0.0,0.0,0.0,0.0,0.0,0.0,0.0
2023/10/16 17:11:29,140.2,40,8.37,0.0,0,0,0,0,0,0,0,0,0,0,0,0,65,65,65,65,300,0,-94,0,0.0,0.00,0.00,0.00,0.00,0,0.0,0.0,0.0,0.0,0.0,0.0,0.0
2023/10/16 17:12:00,140.2,41,8.37,0.0,0,0,0,0,0,0,0,0,0,0,0,0,65,65,65,65,300,0,-94,0,0.0,0.00,0.00,0.00,0.00,0,0.0,0.0,0.0,0.0,0.0,0.0,0.0
2023/10/16 17:12:30,140.2,40,8.37,0.0,0,0,0,0,0,0,0,0,0,0,0,0,65,65,65,65,300,0,-94,0,0.0,0.00,0.00,0.00,0.00,0,0.0,0.0,0.0,0.0,0.0,0.0,0.0
2023/10/16 17:13:00,140.2,40,8.38,0.0,0,0,0,0,0,0,0,0,0,0,0,0,65,65,65,65,300,0,-94,0,0.0,0.00,0.00,0.00,0.00,0,0.0,0.0,0.0,0.0,0.0,0.0,0.0
2023/10/16 17:13:30,140.2,40,8.38,0.0,0,0,0,0,0,0,0,0,0,0,0,0,65,65,65,65,300,0,-95,0,0.0,0.00,0.00,0.00,0.00,0,0.0,0.0,0.0,0.0,0.0,0.0,0.0
2023/10/16 17:14:00,140.2,40,8.38,0.0,0,0,0,0,0,0,0,0,0,0,0,0,65,65,65,65,300,0,-95,0,0.0,0.00,0.00,0.00,0.00,0,0.0,0.0,0.0,0.0,0.0,0.0,0.0
2023/10/16 17:14:30,140.2,40,8.38,0.0,0,0,0,0,0,0,0,0,0,0,0,0,65,65,65,65,300,0,-95,0,0.0,0.00,0.00,0.00,0.00,0,0.0,0.0,0.0,0.0,0.0,0.0,0.0
2023/10/16 17:15:01,140.2,40,8.38,0.0,0,0,0,0,0,0,0,0,0,0,0,0,65,65,65,65,300,0,-95,0,0.0,0.00,0.00,0.00,0.00,0,0.0,0.0,0.0,0.0,0.0,0.0,0.0
2023/10/16 17:15:31,140.2,40,8.38,0.0,0,0,0,0,0,0,0,0,0,0,0,0,65,65,65,65,300,0,-95,0,0.0,0.00,0.00,0.00,0.00,0,0.0,0.0,0.0,0.0,0.0,0.0,0.0
2023/10/16 17:16:01,140.2,40,8.39,0.0,0,0,0,0,0,0,0,0,0,0,0,0,65,65,65,65,300,0,-95,0,0.0,0.00,0.00,0.00,0.00,0,0.0,0.0,0.0,0.0,0.0,0.0,0.0
2023/10/16 17:16:31,140.2,40,8.39,0.0,0,0,0,0,0,0,0,0,0,0,0,0,65,65,65,65,300,0,-95,0,0.0,0.00,0.00,0.00,0.00,0,0.0,0.0,0.0,0.0,0.0,0.0,0.0
2023/10/16 17:17:01,140.2,40,8.39,0.0,0,0,0,0,0,0,0,0,0,0,0,0,65,65,65,65,300,0,-95,0,0.0,0.00,0.00,0.00,0.00,0,0.0,0.0,0.0,0.0,0.0,0.0,0.0
2023/10/16 17:17:31,140.2,41,8.39,0.0,0,0,0,0,0,0,0,0,0,0,0,0,65,65,65,65,300,0,-95,0,0.0,0.00,0.00,0.00,0.00,0,0.0,0.0,0.0,0.0,0.0,0.0,0.0
2023/10/16 17:18:02,140.2,40,8.40,0.0,0,0,0,0,0,0,0,0,0,0,0,0,65,65,65,65,300,0,-95,0,0.0,0.00,0.00,0.00,0.00,0,0.0,0.0,0.0,0.0,0.0,0.0,0.0
2023/10/16 17:18:32,140.2,41,8.40,0.0,0,0,0,0,0,0,0,0,0,0,0,0,65,65,65,65,300,0,-95,0,0.0,0.00,0.00,0.00,0.00,0,0.0,0.0,0.0,0.0,0.0,0.0,0.0
2023/10/16 17:19:02,140.2,40,8.40,0.0,0,0,0,0,0,0,0,0,0,0,0,0,65,65,65,65,300,0,-95,0,0.0,0.00,0.00,0.00,0.00,0,0.0,0.0,0.0,0.0,0.0,0.0,0.0
2023/10/16 17:19:32,140.2,40,8.40,0.0,0,0,0,0,0,0,0,0,0,0,0,0,65,65,65,65,300,0,-95,0,0.0,0.00,0.00,0.00,0.00,0,0.0,0.0,0.0,0.0,0.0,0.0,0.0
2023/10/16 17:20:02,140.2,40,8.40,0.0,0,0,0,0,0,0,0,0,0,0,0,0,65,65,65,65,300,0,-95,0,0.0,0.00,0.00,0.00,0.00,0,0.0,0.0,0.0,0.0,0.0,0.0,0.0
2023/10/16 17:20:32,140.2,40,8.40,0.0,0,0,0,0,0,0,0,0,0,0,0,0,65,65,65,65,300,0,-95,0,0.0,0.00,0.00,0.00,0.00,0,0.0,0.0,0.0,0.0,0.0,0.0,0.0
2023/10/16 17:21:02,140.2,40,8.41,0.0,0,0,0,0,0,0,0,0,0,0,0,0,65,65,65,65,300,0,-95,0,0.0,0.00,0.00,0.00,0.00,0,0.0,0.0,0.0,0.0,0.0,0.0,0.0
2023/10/16 17:21:32,140.2,39,8.41,0.0,0,0,0,0,0,0,0,0,0,0,0,0,65,65,65,65,300,0,-96,0,0.0,0.00,0.00,0.00,0.00,0,0.0,0.0,0.0,0.0,0.0,0.0,0.0
2023/10/16 17:22:03,140.2,40,8.41,0.0,0,0,0,0,0,0,0,0,0,0,0,0,65,65,65,65,300,0,-96,0,0.0,0.00,0.00,0.00,0.00,0,0.0,0.0,0.0,0.0,0.0,0.0,0.0
2023/10/16 17:22:33,140.2,40,8.41,0.0,0,0,0,0,0,0,0,0,0,0,0,0,65,65,65,65,300,0,-96,0,0.0,0.00,0.00,0.00,0.00,0,0.0,0.0,0.0,0.0,0.0,0.0,0.0
2023/10/16 17:23:03,140.2,40,8.41,0.0,0,0,0,0,0,0,0,0,0,0,0,0,65,65,65,65,300,0,-96,0,0.0,0.00,0.00,0.00,0.00,0,0.0,0.0,0.0,0.0,0.0,0.0,0.0
2023/10/16 17:23:33,140.2,40,8.41,0.0,0,0,0,0,0,0,0,0,0,0,0,0,65,65,65,65,300,0,-96,0,0.0,0.00,0.00,0.00,0.00,0,0.0,0.0,0.0,0.0,0.0,0.0,0.0
2023/10/16 17:24:03,140.2,40,8.41,0.0,0,0,0,0,0,0,0,0,0,0,0,0,65,65,65,65,300,0,-96,0,0.0,0.00,0.00,0.00,0.00,0,0.0,0.0,0.0,0.0,0.0,0.0,0.0
2023/10/16 17:24:33,140.2,40,8.41,0.0,0,0,0,0,0,0,0,0,0,0,0,0,65,65,65,65,300,0,-96,0,0.0,0.00,0.00,0.00,0.00,0,0.0,0.0,0.0,0.0,0.0,0.0,0.0
2023/10/16 17:25:04,140.2,40,8.42,0.0,0,0,0,0,0,0,0,0,0,0,0,0,65,65,65,65,300,0,-96,0,0.0,0.00,0.00,0.00,0.00,0,0.0,0.0,0.0,0.0,0.0,0.0,0.0
2023/10/16 17:25:34,140.2,39,8.42,0.0,0,0,0,0,0,0,0,0,0,0,0,0,65,65,65,65,300,0,-96,0,0.0,0.00,0.00,0.00,0.00,0,0.0,0.0,0.0,0.0,0.0,0.0,0.0
2023/10/16 17:26:04,140.2,40,8.42,0.0,0,0,0,0,0,0,0,0,0,0,0,0,65,65,65,65,300,0,-96,0,0.0,0.00,0.00,0.00,0.00,0,0.0,0.0,0.0,0.0,0.0,0.0,0.0
2023/10/16 17:26:34,140.2,40,8.42,0.0,0,0,0,0,0,0,0,0,0,0,0,0,65,65,65,65,300,0,-96,0,0.0,0.00,0.00,0.00,0.00,0,0.0,0.0,0.0,0.0,0.0,0.0,0.0
2023/10/16 17:27:04,140.2,40,8.42,0.0,0,0,0,0,0,0,0,0,0,0,0,0,65,65,65,65,300,0,-96,0,0.0,0.00,0.00,0.00,0.00,0,0.0,0.0,0.0,0.0,0.0,0.0,0.0
2023/10/16 17:27:34,140.2,40,8.42,0.0,0,0,0,0,0,0,0,0,0,0,0,0,65,65,65,65,300,0,-96,0,0.0,0.00,0.00,0.00,0.00,0,0.0,0.0,0.0,0.0,0.0,0.0,0.0
2023/10/16 17:28:04,140.2,40,8.43,0.0,0,0,0,0,0,0,0,0,0,0,0,0,65,65,65,65,300,0,-96,0,0.0,0.00,0.00,0.00,0.00,0,0.0,0.0,0.0,0.0,0.0,0.0,0.0
2023/10/16 17:28:35,140.2,40,8.43,0.0,0,0,0,0,0,0,0,0,0,0,0,0,65,65,65,65,300,0,-96,0,0.0,0.00,0.00,0.00,0.00,0,0.0,0.0,0.0,0.0,0.0,0.0,0.0
2023/10/16 17:29:05,140.2,40,8.43,0.0,0,0,0,0,0,0,0,0,0,0,0,0,65,65,65,65,300,0,-96,0,0.0,0.00,0.00,0.00,0.00,0,0.0,0.0,0.0,0.0,0.0,0.0,0.0
2023/10/16 17:29:35,140.2,39,8.44,0.0,0,0,0,0,0,0,0,0,0,0,0,0,65,65,65,65,300,0,-96,0,0.0,0.00,0.00,0.00,0.00,0,0.0,0.0,0.0,0.0,0.0,0.0,0.0
2023/10/16 17:30:05,140.2,40,8.43,0.0,0,0,0,0,0,0,0,0,0,0,0,0,65,65,65,65,300,0,-96,0,0.0,0.00,0.00,0.00,0.00,0,0.0,0.0,0.0,0.0,0.0,0.0,0.0
2023/10/16 17:30:35,140.2,40,8.44,0.0,0,0,0,0,0,0,0,0,0,0,0,0,65,65,65,65,300,0,-97,0,0.0,0.00,0.00,0.00,0.00,0,0.0,0.0,0.0,0.0,0.0,0.0,0.0
2023/10/16 17:31:05,140.2,40,8.44,0.0,0,0,0,0,0,0,0,0,0,0,0,0,65,65,65,65,300,0,-97,0,0.0,0.00,0.00,0.00,0.00,0,0.0,0.0,0.0,0.0,0.0,0.0,0.0
2023/10/16 17:31:36,140.2,40,8.44,0.0,0,0,0,0,0,0,0,0,0,0,0,0,65,65,65,65,300,0,-97,0,0.0,0.00,0.00,0.00,0.00,0,0.0,0.0,0.0,0.0,0.0,0.0,0.0
2023/10/16 17:32:06,140.2,41,8.44,0.0,0,0,0,0,0,0,0,0,0,0,0,0,65,65,65,65,300,0,-97,0,0.0,0.00,0.00,0.00,0.00,0,0.0,0.0,0.0,0.0,0.0,0.0,0.0
2023/10/16 17:32:36,140.2,40,8.44,0.0,0,0,0,0,0,0,0,0,0,0,0,0,65,65,65,65,300,0,-97,0,0.0,0.00,0.00,0.00,0.00,0,0.0,0.0,0.0,0.0,0.0,0.0,0.0
2023/10/16 17:33:06,140.2,40,8.45,0.0,0,0,0,0,0,0,0,0,0,0,0,0,65,65,65,65,300,0,-97,0,0.0,0.00,0.00,0.00,0.00,0,0.0,0.0,0.0,0.0,0.0,0.0,0.0
2023/10/16 17:33:36,140.2,40,8.45,0.0,0,0,0,0,0,0,0,0,0,0,0,0,65,65,65,65,300,0,-97,0,0.0,0.00,0.00,0.00,0.00,0,0.0,0.0,0.0,0.0,0.0,0.0,0.0
2023/10/16 17:34:06,140.2,40,8.45,0.0,0,0,0,0,0,0,0,0,0,0,0,0,65,65,65,65,300,0,-97,0,0.0,0.00,0.00,0.00,0.00,0,0.0,0.0,0.0,0.0,0.0,0.0,0.0
2023/10/16 17:34:36,140.2,41,8.46,0.0,0,0,0,0,0,0,0,0,0,0,0,0,65,65,65,65,300,0,-97,0,0.0,0.00,0.00,0.00,0.00,0,0.0,0.0,0.0,0.0,0.0,0.0,0.0
2023/10/16 17:35:07,140.2,40,8.46,0.0,0,0,0,0,0,0,0,0,0,0,0,0,65,65,65,65,300,0,-98,0,0.0,0.00,0.00,0.00,0.00,0,0.0,0.0,0.0,0.0,0.0,0.0,0.0
2023/10/16 17:35:37,140.2,39,8.46,0.0,0,0,0,0,0,0,0,0,0,0,0,0,65,65,65,65,300,0,-98,0,0.0,0.00,0.00,0.00,0.00,0,0.0,0.0,0.0,0.0,0.0,0.0,0.0
2023/10/16 17:36:07,140.2,39,8.47,0.0,0,0,0,0,0,0,0,0,0,0,0,0,65,65,65,65,300,0,-98,0,0.0,0.00,0.00,0.00,0.00,0,0.0,0.0,0.0,0.0,0.0,0.0,0.0
2023/10/16 17:36:37,140.2,40,8.47,0.0,0,0,0,0,0,0,0,0,0,0,0,0,65,65,65,65,300,0,-98,0,0.0,0.00,0.00,0.00,0.00,0,0.0,0.0,0.0,0.0,0.0,0.0,0.0
2023/10/16 17:37:07,140.2,40,8.47,0.0,0,0,0,0,0,0,0,0,0,0,0,0,65,65,65,65,300,0,-99,0,0.0,0.00,0.00,0.00,0.00,0,0.0,0.0,0.0,0.0,0.0,0.0,0.0
2023/10/16 17:37:37,140.2,40,8.47,0.0,0,0,0,0,0,0,0,0,0,0,0,0,65,65,65,65,300,0,-99,0,0.0,0.00,0.00,0.00,0.00,0,0.0,0.0,0.0,0.0,0.0,0.0,0.0
2023/10/16 17:38:07,140.2,41,8.48,0.0,0,0,0,0,0,0,0,0,0,0,0,0,65,65,65,65,300,0,-99,0,0.0,0.00,0.00,0.00,0.00,0,0.0,0.0,0.0,0.0,0.0,0.0,0.0
2023/10/16 17:38:38,140.2,40,8.48,0.0,0,0,0,0,0,0,0,0,0,0,0,0,65,65,65,65,300,0,-100,0,0.0,0.00,0.00,0.00,0.00,0,0.0,0.0,0.0,0.0,0.0,0.0,0.0
2023/10/16 17:39:08,140.2,40,8.48,0.0,0,0,0,0,0,0,0,0,0,0,0,0,65,65,65,65,300,0,-100,0,0.0,0.00,0.00,0.00,0.00,0,0.0,0.0,0.0,0.0,0.0,0.0,0.0
2023/10/16 17:39:38,140.2,40,8.49,0.0,0,0,0,0,0,0,0,0,0,0,0,0,65,65,65,65,300,0,-100,0,0.0,0.00,0.00,0.00,0.00,0,0.0,0.0,0.0,0.0,0.0,0.0,0.0
2023/10/16 17:40:08,140.2,40,8.49,0.0,0,0,0,0,0,0,0,0,0,0,0,0,65,65,65,65,300,0,-101,0,0.0,0.00,0.00,0.00,0.00,0,0.0,0.0,0.0,0.0,0.0,0.0,0.0
2023/10/16 17:40:38,140.2,41,8.50,0.0,0,0,0,0,0,0,0,0,0,0,0,0,65,65,65,65,300,0,-101,0,0.0,0.00,0.00,0.00,0.00,0,0.0,0.0,0.0,0.0,0.0,0.0,0.0
2023/10/16 17:41:08,140.2,39,8.50,0.0,0,0,0,0,0,0,0,0,0,0,0,0,65,65,65,65,300,0,-101,0,0.0,0.00,0.00,0.00,0.00,0,0.0,0.0,0.0,0.0,0.0,0.0,0.0
2023/10/16 17:41:38,140.2,39,8.50,0.0,0,0,0,0,0,0,0,0,0,0,0,0,65,65,65,65,300,0,-101,0,0.0,0.00,0.00,0.00,0.00,0,0.0,0.0,0.0,0.0,0.0,0.0,0.0
2023/10/16 17:42:09,140.2,40,8.51,0.0,0,0,0,0,0,0,0,0,0,0,0,0,65,65,65,65,300,0,-102,0,0.0,0.00,0.00,0.00,0.00,0,0.0,0.0,0.0,0.0,0.0,0.0,0.0
2023/10/16 17:42:39,140.2,40,8.51,0.0,0,0,0,0,0,0,0,0,0,0,0,0,65,65,65,65,300,0,-102,0,0.0,0.00,0.00,0.00,0.00,0,0.0,0.0,0.0,0.0,0.0,0.0,0.0
2023/10/16 17:43:09,140.2,40,8.51,0.0,0,0,0,0,0,0,0,0,0,0,0,0,65,65,65,65,300,0,-102,0,0.0,0.00,0.00,0.00,0.00,0,0.0,0.0,0.0,0.0,0.0,0.0,0.0
2023/10/16 17:43:39,140.2,40,8.52,0.0,0,0,0,0,0,0,0,0,0,0,0,0,65,65,65,65,300,0,-103,0,0.0,0.00,0.00,0.00,0.00,0,0.0,0.0,0.0,0.0,0.0,0.0,0.0
2023/10/16 17:44:09,140.2,40,8.53,0.0,0,0,0,0,0,0,0,0,0,0,0,0,65,65,65,65,300,0,-103,0,0.0,0.00,0.00,0.00,0.00,0,0.0,0.0,0.0,0.0,0.0,0.0,0.0
2023/10/16 17:44:39,140.2,40,8.53,0.0,0,0,0,0,0,0,0,0,0,0,0,0,65,65,65,65,300,0,-104,0,0.0,0.00,0.00,0.00,0.00,0,0.0,0.0,0.0,0.0,0.0,0.0,0.0
2023/10/16 17:45:10,140.2,40,8.54,0.0,0,0,0,0,0,0,0,0,0,0,0,0,65,65,65,65,300,0,-104,0,0.0,0.00,0.00,0.00,0.00,0,0.0,0.0,0.0,0.0,0.0,0.0,0.0
2023/10/16 17:45:40,140.2,40,8.54,0.0,0,0,0,0,0,0,0,0,0,0,0,0,65,65,65,65,300,0,-105,0,0.0,0.00,0.00,0.00,0.00,0,0.0,0.0,0.0,0.0,0.0,0.0,0.0
2023/10/16 17:46:10,140.2,40,8.55,0.0,0,0,0,0,0,0,0,0,0,0,0,0,65,65,65,65,300,0,-105,0,0.0,0.00,0.00,0.00,0.00,0,0.0,0.0,0.0,0.0,0.0,0.0,0.0
2023/10/16 17:46:40,140.2,40,8.55,0.0,0,0,0,0,0,0,0,0,0,0,0,0,65,65,65,65,300,0,-106,0,0.0,0.00,0.00,0.00,0.00,0,0.0,0.0,0.0,0.0,0.0,0.0,0.0
2023/10/16 17:47:10,140.2,40,8.55,0.0,0,0,0,0,0,0,0,0,0,0,0,0,65,65,65,65,300,0,-106,0,0.0,0.00,0.00,0.00,0.00,0,0.0,0.0,0.0,0.0,0.0,0.0,0.0
2023/10/16 17:47:40,140.2,40,8.56,0.0,0,0,0,0,0,0,0,0,0,0,0,0,65,65,65,65,300,0,-107,0,0.0,0.00,0.00,0.00,0.00,0,0.0,0.0,0.0,0.0,0.0,0.0,0.0
2023/10/16 17:48:11,140.2,40,8.56,0.0,0,0,0,0,0,0,0,0,0,0,0,0,65,65,65,65,300,0,-107,0,0.0,0.00,0.00,0.00,0.00,0,0.0,0.0,0.0,0.0,0.0,0.0,0.0
2023/10/16 17:48:41,140.2,40,8.57,0.0,0,0,0,0,0,0,0,0,0,0,0,0,65,65,65,65,300,0,-107,0,0.0,0.00,0.00,0.00,0.00,0,0.0,0.0,0.0,0.0,0.0,0.0,0.0
2023/10/16 17:49:11,140.2,40,8.58,0.0,0,0,0,0,0,0,0,0,0,0,0,0,65,65,65,65,300,0,-108,0,0.0,0.00,0.00,0.00,0.00,0,0.0,0.0,0.0,0.0,0.0,0.0,0.0
2023/10/16 17:49:41,140.2,40,8.58,0.0,0,0,0,0,0,0,0,0,0,0,0,0,65,65,65,65,300,0,-108,0,0.0,0.00,0.00,0.00,0.00,0,0.0,0.0,0.0,0.0,0.0,0.0,0.0
